{
  "model": "chronos-bolt-base",
  "primary_layer_block": 0,
  "metric": "OOD = mean kNN dist(test->train)/median train-train kNN dist (per layer PCA30)",
  "ood_by_dataset": {
    "layer 1": {
      "CA": 0.7449373657754663,
      "ETTh1": 1.2291533397688035,
      "ETTh2": 1.2474723388384885,
      "ETTm1": 0.9877902673886501,
      "ETTm2": 1.1875376464338123,
      "GBA": 0.7489058295229435,
      "GLA": 0.7298171461558596,
      "Gaussian": 1.440185607421349,
      "Illness": 0.8764231098157114,
      "METR-LA": 1.2000833854702981,
      "PEMS-BAY": 1.023931272032714,
      "PEMS03": 0.8635339676922733,
      "PEMS04": 0.8471530760736617,
      "PEMS07": 0.8963933520949434,
      "PEMS08": 0.868080494488605,
      "Pulse": 1.413082218093676,
      "SD": 0.7079882518934992,
      "Weather": 0.81692078381006
    },
    "layer 12": {
      "CA": 1.1659003761890312,
      "ETTh1": 1.155661950857404,
      "ETTh2": 1.164719181413957,
      "ETTm1": 1.1711412977093212,
      "ETTm2": 1.1639937281000676,
      "GBA": 1.1623305730599465,
      "GLA": 1.1715736479944239,
      "Gaussian": 0.8533832683156664,
      "Illness": 1.2015302879270042,
      "METR-LA": 1.1419077765935672,
      "PEMS-BAY": 1.0902213757108792,
      "PEMS03": 1.064865526888393,
      "PEMS04": 1.045092862651087,
      "PEMS07": 1.061357265892133,
      "PEMS08": 1.044775235089666,
      "Pulse": 0.8163951601685987,
      "SD": 1.1580105168569061,
      "Weather": 1.1418735951178438
    }
  },
  "attribution": {
    "n_ood_patches": 4114,
    "ood_threshold": 1.147,
    "primitive_coverage_at_corr": {
      "0.6": 0.273
    },
    "cluster_distribution": {
      "C1": 650,
      "C2": 330,
      "C3": 725,
      "C4": 806,
      "C5": 77,
      "C6": 576,
      "C7": 494,
      "C8": 456
    },
    "domain_distribution": {
      "Finance": 827,
      "Health": 181,
      "Environment": 1008,
      "Traffic": 586,
      "Synthetic": 403,
      "Energy": 422,
      "Retail/Web": 687
    }
  }
}